<?xml version="1.0" encoding="utf-8"?><feed xmlns="http://www.w3.org/2005/Atom" ><generator uri="https://jekyllrb.com/" version="3.8.6">Jekyll</generator><link href="/feed.xml" rel="self" type="application/atom+xml" /><link href="/" rel="alternate" type="text/html" /><updated>2019-07-10T11:07:04+08:00</updated><id>/feed.xml</id><title type="html">Your awesome title</title><subtitle>Write an awesome description for your new site here. You can edit this line in _config.yml. It will appear in your document head meta (for Google search results) and in your feed.xml site description.</subtitle><entry><title type="html">Welcome to Jekyll!</title><link href="/jekyll/update/2019/07/09/welcome-to-jekyll.html" rel="alternate" type="text/html" title="Welcome to Jekyll!" /><published>2019-07-09T17:34:30+08:00</published><updated>2019-07-09T17:34:30+08:00</updated><id>/jekyll/update/2019/07/09/welcome-to-jekyll</id><content type="html" xml:base="/jekyll/update/2019/07/09/welcome-to-jekyll.html">&lt;p&gt;You’ll find this post in your &lt;code class=&quot;highlighter-rouge&quot;&gt;_posts&lt;/code&gt; directory. Go ahead and edit it and re-build the site to see your changes. You can rebuild the site in many different ways, but the most common way is to run &lt;code class=&quot;highlighter-rouge&quot;&gt;jekyll serve&lt;/code&gt;, which launches a web server and auto-regenerates your site when a file is updated.&lt;/p&gt;

&lt;p&gt;To add new posts, simply add a file in the &lt;code class=&quot;highlighter-rouge&quot;&gt;_posts&lt;/code&gt; directory that follows the convention &lt;code class=&quot;highlighter-rouge&quot;&gt;YYYY-MM-DD-name-of-post.ext&lt;/code&gt; and includes the necessary front matter. Take a look at the source for this post to get an idea about how it works.&lt;/p&gt;

&lt;p&gt;Jekyll also offers powerful support for code snippets:&lt;/p&gt;

&lt;figure class=&quot;highlight&quot;&gt;&lt;pre&gt;&lt;code class=&quot;language-ruby&quot; data-lang=&quot;ruby&quot;&gt;&lt;span class=&quot;k&quot;&gt;def&lt;/span&gt; &lt;span class=&quot;nf&quot;&gt;print_hi&lt;/span&gt;&lt;span class=&quot;p&quot;&gt;(&lt;/span&gt;&lt;span class=&quot;nb&quot;&gt;name&lt;/span&gt;&lt;span class=&quot;p&quot;&gt;)&lt;/span&gt;
  &lt;span class=&quot;nb&quot;&gt;puts&lt;/span&gt; &lt;span class=&quot;s2&quot;&gt;&quot;Hi, &lt;/span&gt;&lt;span class=&quot;si&quot;&gt;#{&lt;/span&gt;&lt;span class=&quot;nb&quot;&gt;name&lt;/span&gt;&lt;span class=&quot;si&quot;&gt;}&lt;/span&gt;&lt;span class=&quot;s2&quot;&gt;&quot;&lt;/span&gt;
&lt;span class=&quot;k&quot;&gt;end&lt;/span&gt;
&lt;span class=&quot;n&quot;&gt;print_hi&lt;/span&gt;&lt;span class=&quot;p&quot;&gt;(&lt;/span&gt;&lt;span class=&quot;s1&quot;&gt;'Tom'&lt;/span&gt;&lt;span class=&quot;p&quot;&gt;)&lt;/span&gt;
&lt;span class=&quot;c1&quot;&gt;#=&amp;gt; prints 'Hi, Tom' to STDOUT.&lt;/span&gt;&lt;/code&gt;&lt;/pre&gt;&lt;/figure&gt;

&lt;p&gt;Check out the &lt;a href=&quot;https://jekyllrb.com/docs/home&quot;&gt;Jekyll docs&lt;/a&gt; for more info on how to get the most out of Jekyll. File all bugs/feature requests at &lt;a href=&quot;https://github.com/jekyll/jekyll&quot;&gt;Jekyll’s GitHub repo&lt;/a&gt;. If you have questions, you can ask them on &lt;a href=&quot;https://talk.jekyllrb.com/&quot;&gt;Jekyll Talk&lt;/a&gt;.&lt;/p&gt;</content><author><name></name></author><summary type="html">You’ll find this post in your _posts directory. Go ahead and edit it and re-build the site to see your changes. You can rebuild the site in many different ways, but the most common way is to run jekyll serve, which launches a web server and auto-regenerates your site when a file is updated.</summary></entry><entry><title type="html">上海自然博物馆一日游</title><link href="/2019/07/06/%E4%B8%8A%E6%B5%B7%E8%87%AA%E7%84%B6%E5%8D%9A%E7%89%A9%E9%A6%86%E4%B8%80%E6%97%A5%E6%B8%B8.html" rel="alternate" type="text/html" title="上海自然博物馆一日游" /><published>2019-07-06T00:00:00+08:00</published><updated>2019-07-06T00:00:00+08:00</updated><id>/2019/07/06/%E4%B8%8A%E6%B5%B7%E8%87%AA%E7%84%B6%E5%8D%9A%E7%89%A9%E9%A6%86%E4%B8%80%E6%97%A5%E6%B8%B8</id><content type="html" xml:base="/2019/07/06/%E4%B8%8A%E6%B5%B7%E8%87%AA%E7%84%B6%E5%8D%9A%E7%89%A9%E9%A6%86%E4%B8%80%E6%97%A5%E6%B8%B8.html">&lt;hr /&gt;

&lt;p&gt;&lt;strong&gt;人物：&lt;/strong&gt; Judith &amp;amp; Jesse&lt;/p&gt;

&lt;p&gt;&lt;strong&gt;出行日期：&lt;/strong&gt; 2019/07/06&lt;/p&gt;

&lt;p&gt;&lt;strong&gt;出行天数：&lt;/strong&gt; 一天&lt;/p&gt;

&lt;p&gt;&lt;strong&gt;人均费用：&lt;/strong&gt; ¥100&lt;/p&gt;

&lt;p&gt;&lt;strong&gt;赞助者：&lt;/strong&gt; Ann&lt;/p&gt;

&lt;hr /&gt;

&lt;h2 id=&quot;lets-go&quot;&gt;Let‘s go.&lt;/h2&gt;

&lt;p&gt;背上小书包向快乐出发。&lt;/p&gt;

&lt;p&gt;&lt;img src=&quot;http://ww3.sinaimg.cn/large/006tNc79ly1g4sg5hkrvyj30u0140qv6.jpg&quot; alt=&quot;&quot; /&gt;&lt;/p&gt;

&lt;p&gt;刚刚睡醒表情就这样了&lt;/p&gt;

&lt;p&gt;&lt;img src=&quot;http://ww4.sinaimg.cn/large/006tNc79ly1g4sg96hxccj30u01407wh.jpg&quot; alt=&quot;&quot; /&gt;&lt;/p&gt;

&lt;h2 id=&quot;关于&quot;&gt;关于&lt;/h2&gt;

&lt;p&gt;上海自然博物馆（静安新馆）位于上海市静安区静安雕塑公园内，地址：上海市静安区山海关路399号（近北京西路石门二路）。地铁1号线新闸路站、地铁2号线南京西路站（2号口出站）、地铁13号线自然博物馆站均可到达。开馆时间为每周二至周日：09:00—17:15，售票时间8：55—16:30，每周一例行闭馆节假日除外。&lt;/p&gt;

&lt;p&gt;&lt;img src=&quot;http://ww2.sinaimg.cn/large/006tNc79ly1g4sgdjtznbj30u01404qc.jpg&quot; alt=&quot;&quot; /&gt;&lt;/p&gt;

&lt;h2 id=&quot;参观顺序&quot;&gt;参观顺序&lt;/h2&gt;

&lt;p&gt;　参观的大致顺序是：&lt;strong&gt;1楼安检→打印门票→电梯上L2检票→2F-1F-B1-B2M-B2&lt;/strong&gt; 自上而下的观展→回到1F离馆，花费时间约&lt;strong&gt;5&lt;/strong&gt;小时。&lt;/p&gt;

&lt;p&gt;&lt;img src=&quot;http://ww2.sinaimg.cn/large/006tNc79ly1g4sgardd0vj30g40o576s.jpg&quot; alt=&quot;&quot; /&gt;&lt;/p&gt;

&lt;h3 id=&quot;1宇宙之谜&quot;&gt;1）宇宙之谜&lt;/h3&gt;

&lt;p&gt;2F是参观的第一站，主题是&lt;strong&gt;起源之谜&lt;/strong&gt;，内设四维影院。&lt;/p&gt;

&lt;p&gt;宇宙从何而来？宇宙有多大？带着这些问题进去探索，经过爸比的讲解我大概了解了一点，宇宙大爆炸十分壮观。&lt;/p&gt;

&lt;p&gt;&lt;img src=&quot;http://ww2.sinaimg.cn/large/006tNc79ly1g4sgbdgo0ij31400u0b29.jpg&quot; alt=&quot;&quot; /&gt;&lt;/p&gt;

&lt;p&gt;紧接着在平台不远处海洋巨型动物铺面而来，带来的视觉冲击感绝对震撼！让我的小心脏快受不了了。&lt;/p&gt;

&lt;p&gt;&lt;img src=&quot;http://ww1.sinaimg.cn/large/006tNc79ly1g4sgdbpzt2j30u01407lp.jpg&quot; alt=&quot;&quot; /&gt;&lt;/p&gt;

&lt;p&gt;&lt;img src=&quot;http://ww3.sinaimg.cn/large/006tNc79ly1g4sgbod7nuj31400u0e81.jpg&quot; alt=&quot;&quot; /&gt;&lt;/p&gt;

&lt;p&gt;沿着小山坡通向 1F 的生命长河两边数百种标本让我目不暇接，这里是海陆空动物的大聚会。从上到下依次有&lt;strong&gt;大乌龟&lt;/strong&gt;、&lt;strong&gt;蜥蜴&lt;/strong&gt;、&lt;strong&gt;扬子鳄&lt;/strong&gt;、&lt;strong&gt;阿根廷鳄鱼&lt;/strong&gt;、&lt;strong&gt;中国大鲵&lt;/strong&gt;、&lt;strong&gt;四川金丝猴&lt;/strong&gt;、&lt;strong&gt;藏羚羊&lt;/strong&gt;、&lt;strong&gt;国宝大熊猫&lt;/strong&gt;等（脑子不够用记不住名字）最让我毛骨悚然的当属&lt;strong&gt;印度眼镜蛇&lt;/strong&gt;，&lt;strong&gt;纤细的身材&lt;/strong&gt;、&lt;strong&gt;敏捷的动作&lt;/strong&gt;和&lt;strong&gt;婀娜的姿态&lt;/strong&gt;是我所向往的。&lt;/p&gt;

&lt;p&gt;&lt;img src=&quot;http://ww1.sinaimg.cn/large/006tNc79ly1g4sgc3ue79j31400u0e81.jpg&quot; alt=&quot;&quot; /&gt;&lt;/p&gt;

&lt;p&gt;&lt;img src=&quot;http://ww3.sinaimg.cn/large/006tNc79ly1g4sgffqixbj30u01407wh.jpg&quot; alt=&quot;&quot; /&gt;&lt;/p&gt;

&lt;p&gt;&lt;img src=&quot;http://ww3.sinaimg.cn/large/006tNc79ly1g4sge7f9lgj30u0140npd.jpg&quot; alt=&quot;IMG_8807&quot; /&gt;&lt;/p&gt;

&lt;p&gt;&lt;img src=&quot;http://ww3.sinaimg.cn/large/006tNc79ly1g4sgfx8p87j31400u0b29.jpg&quot; alt=&quot;&quot; /&gt;&lt;/p&gt;

&lt;p&gt;&lt;img src=&quot;http://ww4.sinaimg.cn/large/006tNc79gy1g4sgh0cyx0j31400u04qp.jpg&quot; alt=&quot;&quot; /&gt;&lt;/p&gt;

&lt;p&gt;&lt;img src=&quot;http://ww2.sinaimg.cn/large/006tNc79gy1g4sgh4enbpj31400u07wh.jpg&quot; alt=&quot;IMG_8814&quot; /&gt;&lt;/p&gt;

&lt;p&gt;&lt;img src=&quot;http://ww2.sinaimg.cn/large/006tNc79gy1g4sgh7zxc3j31400u0hdt.jpg&quot; alt=&quot;IMG_8816&quot; /&gt;&lt;/p&gt;

&lt;p&gt;&lt;img src=&quot;http://ww3.sinaimg.cn/large/006tNc79gy1g4sggqqpdpj30u01404qu.jpg&quot; alt=&quot;IMG_8822&quot; /&gt;&lt;/p&gt;

&lt;p&gt;&lt;img src=&quot;http://ww3.sinaimg.cn/large/006tNc79gy1g4sgi24wlrj31400u0hdu.jpg&quot; alt=&quot;&quot; /&gt;&lt;/p&gt;

&lt;p&gt;1F 下来后首先会来到“寒武纪生命大爆炸剧场”环幕影片，时长5分钟左右，感觉很不错像坐着潜水艇在海底穿梭一般，很壮观。&lt;/p&gt;

&lt;p&gt;接下来一层你会看到最多的东西就是————骨头（爸比悄悄告诉我）。&lt;/p&gt;

&lt;p&gt;此时我已经有点困意，没被爸比吓到。然后带我去 &lt;strong&gt;B2M&lt;/strong&gt; 能量补给后没一会儿功夫我就睡着了。&lt;/p&gt;

&lt;p&gt;…………&lt;/p&gt;

&lt;p&gt;&lt;img src=&quot;http://ww3.sinaimg.cn/large/006tNc79gy1g4sglsq668j30u01407wh.jpg&quot; alt=&quot;&quot; /&gt;&lt;/p&gt;

&lt;p&gt;醒过来已经快五点了，这时我隐隐约约听到广播&lt;strong&gt;“本馆于17:15分闭关，请参观游客携带好随身物品从一楼出口出”&lt;/strong&gt;，顿时心凉凉的。难免留下了些遗憾，不过在爸比的安慰下很快调整过来了，&lt;strong&gt;B2 B1&lt;/strong&gt; 留给下次探索吧。&lt;/p&gt;

&lt;p&gt;&lt;img src=&quot;http://ww1.sinaimg.cn/large/006tNc79gy1g4sgjflsd8j30u01401ky.jpg&quot; alt=&quot;&quot; /&gt;&lt;/p&gt;

&lt;p&gt;&lt;img src=&quot;http://ww4.sinaimg.cn/large/006tNc79gy1g4sgm0f6ylj30fr0frwh5.jpg&quot; alt=&quot;&quot; /&gt;&lt;/p&gt;

&lt;p&gt;出馆后我们去了网红馒头店打卡吃了&lt;strong&gt;红糖馒头&lt;/strong&gt;，&lt;strong&gt;南瓜粥&lt;/strong&gt;等小点心。满血复活后爸比又带我去逛了逛上海&lt;strong&gt;小弄堂&lt;/strong&gt;。&lt;/p&gt;

&lt;p&gt;&lt;img src=&quot;http://ww3.sinaimg.cn/large/006tNc79gy1g4sgnt0mfpj31400u0npd.jpg&quot; alt=&quot;&quot; /&gt;&lt;/p&gt;

&lt;p&gt;&lt;img src=&quot;http://ww1.sinaimg.cn/large/006tNc79gy1g4sixveujoj31400u0x6p.jpg&quot; alt=&quot;&quot; /&gt;&lt;/p&gt;

&lt;p&gt;小吃货😄&lt;/p&gt;

&lt;p&gt;&lt;img src=&quot;http://ww2.sinaimg.cn/large/006tNc79gy1g4sixytj3dj31400u0hdt.jpg&quot; alt=&quot;IMG_8957&quot; /&gt;&lt;/p&gt;

&lt;p&gt;&lt;img src=&quot;http://ww4.sinaimg.cn/large/006tNc79gy1g4sgn0ss20j31400u0npd.jpg&quot; alt=&quot;IMG_8959&quot; /&gt;&lt;/p&gt;

&lt;p&gt;逛了差不多半小时后爸比带我去看了一个公益画展，里面有各种风格的画。虽然我还不太明白各种不规则的线条所勾勒的以及作者想要表达的是什么，但是我仍旧被它们五颜六色的颜色所感染，可能我这个年纪对颜色比较好奇吧。&lt;/p&gt;

&lt;p&gt;&lt;img src=&quot;http://ww2.sinaimg.cn/large/006tNc79gy1g4sh9z113pj31400u0b29.jpg&quot; alt=&quot;&quot; /&gt;&lt;/p&gt;

&lt;p&gt;差不多快 19:00 点了这个点我一般都会吃上一点冷饮，在和爸比眼神交流完后，爸比没让我失望。俗话说 “&lt;strong&gt;确认过眼神，你就是我爱滴那个人&lt;/strong&gt;”，手牵手一块来到了 &lt;strong&gt;Häagen-Dazs&lt;/strong&gt; 坐下来后服务员递过来菜单，还特意给我准备了一杯柠檬水爱不释手。&lt;/p&gt;

&lt;p&gt;&lt;img src=&quot;http://ww1.sinaimg.cn/large/006tNc79gy1g4si10vaj6j30u01401kx.jpg&quot; alt=&quot;&quot; /&gt;&lt;/p&gt;

&lt;p&gt;我点了一份 &lt;strong&gt;心动比利时&lt;/strong&gt;，还给爸比点了一杯 &lt;strong&gt;芒果狂想曲&lt;/strong&gt;&lt;/p&gt;

&lt;p&gt;众所周知的原因活蹦好动的我坐下来根本停不下来，在爸比的细心引导下我收敛了不少，做一个乖乖女，树立好自己的形象。&lt;/p&gt;

&lt;p&gt;&lt;img src=&quot;http://ww3.sinaimg.cn/large/006tNc79gy1g4shu8d2stj30u0140b2a.jpg&quot; alt=&quot;&quot; /&gt;&lt;/p&gt;

&lt;p&gt;终于要吃上我心心念的冰淇淋了，开心😄&lt;/p&gt;

&lt;p&gt;&lt;img src=&quot;http://ww2.sinaimg.cn/large/006tNc79gy1g4si40vojcj30u01407wi.jpg&quot; alt=&quot;&quot; /&gt;&lt;/p&gt;

&lt;p&gt;&lt;img src=&quot;http://ww1.sinaimg.cn/large/006tNc79gy1g4si3wlxzwj30u0140b2a.jpg&quot; alt=&quot;IMG_8964&quot; /&gt;&lt;/p&gt;

&lt;p&gt;吃完后晚上八点钟了，准备打道回府，一路蹦蹦跳跳的来到地铁站。刷卡进站、乘电梯、去洗手间、喝水、穿纸尿裤按部就班的回家。坐了四五站发现肚肚饿了，只好下车给我冲奶粉耽误了一会儿功夫。&lt;/p&gt;

&lt;p&gt;&lt;img src=&quot;http://ww1.sinaimg.cn/large/006tNc79gy1g4sib4vtl2j30u0140x6p.jpg&quot; alt=&quot;&quot; /&gt;&lt;/p&gt;

&lt;p&gt;&lt;img src=&quot;http://ww3.sinaimg.cn/large/006tNc79gy1g4sib1c8qmj30u01401ky.jpg&quot; alt=&quot;IMG_8967&quot; /&gt;&lt;/p&gt;

&lt;p&gt;这个点我精力还很旺盛，一边吃还不忘贪玩。吃完后继续上路。&lt;/p&gt;

&lt;p&gt;大约还有3站路快到家的时候，我又想拉臭臭了，还是硬着头皮告诉了爸比了，看着他那欲哭无泪的表情，我都有点佩服我自己了， 爸比再一次被我打败。更可怕的是下车后发现没有洗手间😄😄，好在平时练就的一身功夫总算排上用场了，顺利的💩💩便便结束回家。&lt;/p&gt;

&lt;p&gt;有惊喜有遗憾，有快乐有无奈的一天结束了。特别感谢本次活动的赞助者 &lt;strong&gt;Ann&lt;/strong&gt;，此刻应该还在为我们美好的生活在奋斗着。&lt;/p&gt;

&lt;p&gt;&lt;em&gt;我是&lt;strong&gt;小淼&lt;/strong&gt;，欢迎大家订阅我的频道，带你一起体验&lt;strong&gt;新鲜&lt;/strong&gt;、&lt;strong&gt;有趣&lt;/strong&gt;、&lt;strong&gt;好玩&lt;/strong&gt;的事情。&lt;/em&gt;&lt;/p&gt;

&lt;blockquote&gt;
  &lt;p&gt;当你认清了生活的真相后依然热爱着它 · 人生观&lt;/p&gt;
&lt;/blockquote&gt;</content><author><name></name></author><summary type="html"></summary></entry></feed>